{"iterations": 1497, "depth": 5, "learning_rate": 0.041715994948692686, "min_data_in_leaf": 23, "l2_leaf_reg": 0.19786526945302252, "class_weights": {"0": 1.0, "1": 1.0, "2": 1.0, "3": 1.0, "4": 1.0, "5": 1.0}, "task_type": "GPU", "devices": "0:1", "cat_features": [], "verbose": 0}