{"iterations": 1617, "depth": 5, "learning_rate": 0.08992737646817817, "min_data_in_leaf": 29, "l2_leaf_reg": 0.8713931449194052, "class_weights": {"0": 1.0, "1": 1.0, "2": 1.0, "3": 1.0, "4": 1.0, "5": 1.0}, "task_type": "GPU", "devices": "0:1", "cat_features": [], "verbose": 0}