{"iterations": 769, "depth": 6, "learning_rate": 0.08447322050013555, "min_data_in_leaf": 24, "l2_leaf_reg": 0.8879288302102818, "class_weights": {